{"cameraMode":{"drawMode":0,"name":"Shaded","section":"Shading Mode"},"sceneLighting":false,"audioPlay":false,"sceneViewState":{"m_AlwaysRefresh":false,"showFog":true,"showSkybox":false,"showFlares":true,"showImageEffects":true,"showParticleSystems":true,"showVisualEffectGraphs":true,"m_FxEnabled":true},"in2DMode":false,"pivot":{"x":0.9319886565208435,"y":1.9162921905517579,"z":-3.8819797039031984},"rotation":{"x":0.1269785463809967,"y":-0.05205004662275314,"z":0.006671598646789789,"w":0.9905067682266235},"size":8.66025447845459,"orthographic":false}