{"cameraMode":{"drawMode":0,"name":"Shaded","section":"Shading Mode"},"sceneLighting":false,"audioPlay":false,"sceneViewState":{"m_AlwaysRefresh":false,"showFog":true,"showSkybox":false,"showFlares":true,"showImageEffects":true,"showParticleSystems":true,"showVisualEffectGraphs":true,"m_FxEnabled":true},"in2DMode":false,"pivot":{"x":-0.01887313649058342,"y":1.1112781763076783,"z":5.7728190422058109},"rotation":{"x":0.0749267116189003,"y":-0.007478950545191765,"z":0.0005613894900307059,"w":0.9971493482589722},"size":8.66025447845459,"orthographic":false}